Plant #,Region,Pop,Long,Lat
QH-E-1-1,East,E-1,-102.6168513,33.37272459
QH-E-1-2,East,E-1,-102.6168648,33.37297641
QH-E-1-3,East,E-1,-102.6169815,33.37318875
QH-E-1-4,East,E-1,-102.6282368,33.37278226
QH-E-1-5,East,E-1,-102.6284533,33.37303887
QH-E-1-6,East,E-1,-102.6286341,33.37326684
QH-E-1-7,East,E-1,-102.6289613,33.37340925
QH-E-1-8,East,E-1,-102.6291629,33.37358442
QH-E-1-9,East,E-1,-102.6294636,33.37378673
QH-E-1-10,East,E-1,-102.6380273,33.38302185
QH-E-1-11,East,E-1,-102.6383333,33.383309
QH-E-1-12,East,E-1,-102.6387369,33.38344742
QH-E-1-13,East,E-1,-102.6125685,33.35802703
QH-E-1-14,East,E-1,-102.6128167,33.35838165
QH-E-1-15,East,E-1,-102.6016071,33.34340965
QH-E-1-16,East,E-1,-102.5998077,33.3434488
QH-E-1-17,East,E-1,-102.5981339,33.34337044
QH-E-1-18,East,E-1,-102.5968686,33.34316922
QH-E-1-19,East,E-1,-102.611873,33.33613179
QH-E-1-20,East,E-1,-102.6118829,33.33577131
QH-E-1-21,East,E-1,-102.6118853,33.33568119
QH-E-1-22,East,E-1,-102.6038504,33.34344305
QH-E-1-23,East,E-1,-102.5814535,33.34375705
QH-E-1-24,East,E-1,-102.6122496,33.35805876
QH-E-1-25,East,E-1,-102.6165329,33.37277528
QH-E-1-26,East,E-1,-102.6377046,33.38307161
QH-E-1-27,East,E-1,-102.6578511,33.38729479
QH-E-1-28,East,E-1,-102.6636015,33.38729503
QH-E-1-29,East,E-1,-102.680033,33.39387917
QH-E-1-30,East,E-1,-102.7000442,33.3887335
QH-E-1-31,East,E-1,-102.7145634,33.39087739
QH-E-2-1,East,E-2,-103.8670383,33.4083158
QH-E-2-2,East,E-2,-103.8668477,33.4083348
QH-E-2-3,East,E-2,-103.8666481,33.40888314
QH-E-2-4,East,E-2,-103.8665678,33.40885535
QH-E-2-5,East,E-2,-103.8667299,33.40920767
QH-E-2-6,East,E-2,-103.8667134,33.40957099
QH-E-2-7,East,E-2,-103.8659885,33.41015872
QH-E-2-8,East,E-2,-103.8657972,33.41047806
QH-E-2-9,East,E-2,-103.8657939,33.41056461
QH-E-2-10,East,E-2,-103.8658193,33.41075875
QH-E-2-11,East,E-2,-103.8657788,33.41197325
QH-E-2-12,East,E-2,-103.8663408,33.40770244
QH-E-2-13,East,E-2,-103.8657117,33.40795464
QH-E-2-14,East,E-2,-103.8652588,33.40805061
QH-E-2-15,East,E-2,-103.8647724,33.40796408
QH-E-2-16,East,E-2,-103.8646278,33.40784042
QH-E-2-17,East,E-2,-103.8642677,33.40778806
QH-E-2-18,East,E-2,-103.8636049,33.40778199
QH-E-2-19,East,E-2,-103.8632149,33.40777841
QH-E-2-20,East,E-2,-103.8629712,33.40777618
QH-E-2-21,East,E-2,-103.8628266,33.4076522
QH-E-2-22,East,E-2,-103.8620467,33.40764505
QH-E-2-23,East,E-2,-103.8620478,33.40756329
QH-E-2-24,East,E-2,-103.8618736,33.40770624
QH-E-2-25,East,E-2,-103.8670019,33.4070863
QH-E-3-1,East,E-3,-103.3634497,33.68658948
QH-E-3-2,East,E-3,-103.3633618,33.68658831
QH-E-3-3,East,E-3,-103.363264,33.68658702
QH-E-3-4,East,E-3,-103.3631662,33.68658572
QH-E-3-5,East,E-3,-103.3630684,33.68658443
QH-E-3-6,East,E-3,-103.3626773,33.68657924
QH-E-3-7,East,E-3,-103.362533,33.6864547
QH-E-3-8,East,E-3,-103.3624352,33.6864534
QH-E-3-9,East,E-3,-103.3622396,33.68645081
QH-E-3-10,East,E-3,-103.3621419,33.68644951
QH-E-3-11,East,E-3,-103.3618485,33.68644562
QH-E-3-12,East,E-3,-103.3612228,33.68643732
QH-E-3-13,East,E-3,-103.3627238,33.69389231
QH-E-3-14,East,E-3,-103.3615145,33.68428298
QH-E-3-15,East,E-3,-103.3615244,33.68415866
QH-E-3-16,East,E-3,-103.361526,33.68407662
QH-E-3-17,East,E-3,-103.3615278,33.68397925
QH-E-3-18,East,E-3,-103.3615302,33.68385664
QH-E-3-19,East,E-3,-103.3615333,33.68369255
QH-E-3-20,East,E-3,-103.3615345,33.68362764
QH-E-3-21,East,E-3,-103.3615395,33.68336619
QH-E-3-22,East,E-3,-103.3615423,33.68321833
QH-E-3-23,East,E-3,-103.3615474,33.68294876
QH-E-3-24,East,E-3,-103.36155,33.68280992
QH-E-3-25,East,E-3,-103.3615536,33.68262239
QH-E-3-26,East,E-3,-103.3614288,33.6826018
QH-E-3-27,East,E-3,-103.3614372,33.68216093
QH-E-3-28,East,E-3,-103.3614447,33.68176785
QH-E-4-1,East,E-4,-103.2362849,33.61064455
QH-E-4-2,East,E-4,-103.2364215,33.61076283
QH-E-4-3,East,E-4,-103.2364893,33.61082151
QH-E-4-4,East,E-4,-103.236645,33.6109563
QH-E-4-5,East,E-4,-103.2369511,33.61122127
QH-E-4-6,East,E-4,-103.2370453,33.61130288
QH-E-4-7,East,E-4,-103.2371407,33.6113854
QH-E-4-8,East,E-4,-103.2372159,33.61145049
QH-E-4-9,East,E-4,-103.2373578,33.61157336
QH-E-4-10,East,E-4,-103.2375346,33.61172647
QH-E-4-11,East,E-4,-103.2376564,33.61183192
QH-E-4-12,East,E-4,-103.2377793,33.61193827
QH-E-4-13,East,E-4,-103.2379488,33.61208497
QH-E-4-14,East,E-4,-103.2380706,33.61219041
QH-E-4-15,East,E-4,-103.2389878,33.61298442
QH-E-4-16,East,E-4,-103.239171,33.61314304
QH-E-4-17,East,E-4,-103.2393267,33.61327782
QH-E-4-18,East,E-4,-103.2393918,33.61341491
QH-E-4-19,East,E-4,-103.2394596,33.61347359
QH-E-5-1,East,E-5,-100.2753586,35.90274641
QH-E-5-2,East,E-5,-100.275288,35.902767
QH-E-5-3,East,E-5,-100.2752201,35.9028146
QH-E-5-4,East,E-5,-100.2751642,35.90285215
QH-E-5-5,East,E-5,-100.2752908,35.90280303
QH-E-5-6,East,E-5,-100.2752966,35.9028201
QH-E-5-7,East,E-5,-100.2750854,35.9029152
QH-E-5-8,East,E-5,-100.2750318,35.90295724
QH-E-5-9,East,E-5,-100.2749351,35.90300965
QH-E-5-10,East,E-5,-100.2748692,35.90304731
QH-E-5-11,East,E-5,-100.274839,35.903026
QH-E-5-12,East,E-5,-100.2747697,35.90305739
QH-E-5-13,East,E-5,-100.2747665,35.90306824
QH-E-5-14,East,E-5,-100.2746943,35.90305368
QH-E-5-15,East,E-5,-100.2746943,35.90305368
QH-E-5-16,East,E-5,-100.2745505,35.90307414
QH-E-5-17,East,E-5,-100.2745625,35.90305778
QH-E-5-18,East,E-5,-100.2745699,35.90303787
QH-E-5-19,East,E-5,-100.2745758,35.9032704
QH-E-5-20,East,E-5,-100.2745468,35.90325809
QH-E-5-21,East,E-5,-100.2744489,35.90323389
QH-E-5-22,East,E-5,-100.275868,35.90300335
QH-E-5-23,East,E-5,-100.275548,35.90246492
QH-E-5-24,East,E-5,-100.2755193,35.90246974
QH-E-5-25,East,E-5,-100.2753749,35.90245144
QH-E-5-26,East,E-5,-100.2753317,35.90217242
QH-E-5-27,East,E-5,-100.2753299,35.90213007
QH-E-5-28,East,E-5,-100.2751944,35.90217929
QH-E-5-29,East,E-5,-100.276402,35.90361433
QH-E-5-30,East,E-5,-100.2764024,35.90364137
QH-E-5-31,East,E-5,-100.2763719,35.90365204
QH-E-5-32,East,E-5,-100.2763723,35.90367908
QH-E-5-33,East,E-5,-100.2774168,35.90256586
QH-E-5-34,East,E-5,-100.275868,35.90300335
QH-E-5-35,East,E-5,-100.275868,35.90300335
QH-E-5-36,East,E-5,-100.275868,35.90300335
QH-E-5-37,East,E-5,-100.275868,35.90300335
QH-E-5-38,East,E-5,-100.275868,35.90300335
QH-E-5-39,East,E-5,-100.275868,35.90300335
QH-E-5-40,East,E-5,-100.275868,35.90300335
QH-E-5-41,East,E-5,-100.275868,35.90300335
QH-E-5-42,East,E-5,-100.275868,35.90300335
QH-E-5-43,East,E-5,-100.275868,35.90300335
QH-E-6-2,East,E-6,-100.176718,35.44468247
QH-E-6-3,East,E-6,-100.1766684,35.44468295
QH-E-6-4,East,E-6,-100.1765186,35.44468442
QH-E-6-5,East,E-6,-100.1764679,35.44468491
QH-E-6-6,East,E-6,-100.1763181,35.44468637
QH-E-6-7,East,E-6,-100.1762685,35.44468685
QH-E-6-8,East,E-6,-100.1761187,35.44468831
QH-E-6-9,East,E-6,-100.1760691,35.44468879
QH-E-6-10,East,E-6,-100.1759193,35.44469025
QH-E-6-11,East,E-6,-100.1758686,35.44469075
QH-E-6-12,East,E-6,-100.1757188,35.44469221
QH-E-6-13,East,E-6,-100.1756692,35.44469269
QH-E-6-14,East,E-6,-100.1755194,35.44469415
QH-E-6-15,East,E-6,-100.1755095,35.44469425
QH-E-6-16,East,E-6,-100.1993396,35.44525957
QH-E-7-1,East,E-7,-99.92558344,35.76709137
QH-E-7-2,East,E-7,-99.92558278,35.76703416
QH-E-7-3,East,E-7,-99.92558212,35.76697694
QH-E-7-4,East,E-7,-99.92558145,35.76691973
QH-E-7-5,East,E-7,-99.92558079,35.76686252
QH-E-7-6,East,E-7,-99.92558013,35.7668053
QH-E-7-7,East,E-7,-99.92557947,35.76674809
QH-E-7-8,East,E-7,-99.92591637,35.76575085
QH-E-7-9,East,E-7,-99.9259159,35.76570998
QH-E-7-10,East,E-7,-99.92591543,35.76566912
QH-E-7-11,East,E-7,-99.92591495,35.76562825
QH-E-7-12,East,E-7,-99.92591448,35.76558738
QH-E-7-13,East,E-7,-99.92591401,35.76554652
QH-E-7-14,East,E-7,-99.92591353,35.76550564
QH-E-7-15,East,E-7,-99.92591306,35.76546478
QH-E-7-16,East,E-7,-99.92591258,35.76542391
QH-E-7-17,East,E-7,-99.9255031,35.76521758
QH-E-7-18,East,E-7,-99.92550216,35.76513585
QH-E-7-19,East,E-7,-99.92550121,35.76505412
QH-E-7-20,East,E-7,-99.92550026,35.76497238
QH-E-7-21,East,E-7,-99.92549932,35.76489065
QH-E-7-22,East,E-7,-99.92549837,35.76480892
QH-E-7-23,East,E-7,-99.92549742,35.76472719
QH-E-7-24,East,E-7,-99.92549648,35.76464545
QH-E-7-25,East,E-7,-99.92549553,35.76456372
QH-E-7-26,East,E-7,-99.92549458,35.76448198
QH-E-7-27,East,E-7,-99.92549364,35.76440025
QH-E-8-1,East,E-8,-99.81718599,35.79432062
QH-E-8-2,East,E-8,-99.81714956,35.79432898
QH-E-8-3,East,E-8,-99.81716055,35.7943217
QH-E-8-4,East,E-8,-99.81711273,35.79440677
QH-E-8-5,East,E-8,-99.81708322,35.79444303
QH-E-8-6,East,E-8,-99.81704294,35.79450822
QH-E-8-7,East,E-8,-99.81700369,35.79456529
QH-E-8-8,East,E-8,-99.81692186,35.79467945
QH-E-8-9,East,E-8,-99.81696396,35.79479276
QH-E-8-10,East,E-8,-99.81693464,35.79495525
QH-E-8-11,East,E-8,-99.81689339,35.79503397
QH-E-8-12,East,E-8,-99.81685351,35.79513792
QH-E-8-13,East,E-8,-99.81684082,35.79519481
QH-E-8-14,East,E-8,-99.81673454,35.79529922
QH-E-8-15,East,E-8,-99.81663856,35.79532872
QH-E-8-16,East,E-8,-99.81653472,35.79534655
QH-E-8-17,East,E-8,-99.81650593,35.79534495
QH-E-8-18,East,E-8,-99.81768761,35.79478334
QH-E-8-19,East,E-8,-99.81720621,35.79435024
QH-E-8-20,East,E-8,-99.87111252,35.77386441
QH-E-8-21,East,E-8,-99.8710334,35.77391367
QH-E-8-22,East,E-8,-99.87095957,35.77394035
QH-E-8-23,East,E-8,-99.87086334,35.77394285
QH-E-8-24,East,E-8,-99.87077256,35.7739372
QH-E-8-25,East,E-8,-99.87071666,35.77398539
QH-E-8-26,East,E-8,-99.87067482,35.77400372
QH-E-8-27,East,E-8,-99.87039768,35.77374968
QH-E-8-28,East,E-8,-99.8703215,35.77376465
QH-E-8-29,East,E-8,-99.87028826,35.77376039
QH-E-8-30,East,E-8,-99.87021198,35.77376545
QH-E-8-31,East,E-8,-99.81720621,35.79435024
QH-E-9,East,E-9,-102.2548214,33.23895599
QH-E-10-1,East,E-10,-101.3344383,32.2861231
QH-E-10-2,East,E-10,-101.3344178,32.28532086
QH-E-10-3,East,E-10,-101.3369709,32.28594095
QH-E-10-4,East,E-10,-101.3385135,32.28648052
QH-E-10-5,East,E-10,-101.3383462,32.28575315
QH-E-10-6,East,E-10,-101.3389559,32.28799639
QH-E-10-7,East,E-10,-101.3273907,32.28950883
QH-E-10-8,East,E-10,-101.3331352,32.28705803
QH-E-10-9,East,E-10,-101.3347004,32.28640683
QH-E-11-1,East,E-11,-102.8129993,31.62683542
QH-E-11-2,East,E-11,-102.8144955,31.63137073
QH-E-11-3,East,E-11,-102.8106443,31.63107022
QH-E-11-4,East,E-11,-102.8154028,31.63179214
QH-E-11-5,East,E-11,-102.8160015,31.63233453
QH-E-12-1,East,E-12,-102.6063832,31.38229557
QH-E-13-1,East,E-13,-101.3906003,33.45861011
QH-E-13-2,East,E-13,-101.3906003,33.45861011
QH-E-13-3,East,E-13,-101.3906003,33.45861011
QH-E-13-4,East,E-13,-101.3906003,33.45861011
QH-E-13-5,East,E-13,-101.3906003,33.45861011
QH-E-13-6,East,E-13,-101.3906003,33.45861011
QH-E-13-7,East,E-13,-101.3906003,33.45861011
QH-E-13-8,East,E-13,-101.3906003,33.45861011
QH-E-14-1,East,E-14,-101.0739003,33.43528023
QH-E-14-2,East,E-14,-101.0739003,33.43528023
QH-E-14-3,East,E-14,-101.0739003,33.43528023
QH-E-14-4,East,E-14,-101.0739003,33.43528023
QH-E-14-5,East,E-14,-101.0739003,33.43528023
QH-E-14-6,East,E-14,-101.0739003,33.43528023
QH-E-14-7,East,E-14,-101.0739003,33.43528023
QH-E-14-8,East,E-14,-101.0739003,33.43528023
QH-E-14-9,East,E-14,-101.0739003,33.43528023
QH-E-14-10,East,E-14,-101.0739003,33.43528023
QH-E-14-11,East,E-14,-101.0739003,33.43528023
QH-E-14-12,East,E-14,-101.0739003,33.43528023
QH-E-AUX2-1,East,E-AUX2,-103.2323785,33.37290208
QH-E-AUX2-2,East,E-AUX2,-103.2323166,33.37298777
QH-E-AUX2-3,East,E-AUX2,-103.2322105,33.37313326
QH-E-AUX2-4,East,E-AUX2,-103.2320682,33.37331069
QH-E-AUX3-1,East,E-AUX3,-103.2622095,33.64291041
QH-E-AUX3-2,East,E-AUX3,-103.2622095,33.64291041
QH-E-AUX4-1,East,E-AUX4,-103.0519204,33.62676025
QH-E-AUX4-2,East,E-AUX4,-103.0519204,33.62676025
QH-E-AUX5-1,East,E-AUX5,-103.0479685,33.09685172
QH-E-AUX5-2,East,E-AUX5,-103.0480561,33.09681521
QH-E-AUX5-3,East,E-AUX5,-103.0481383,33.09677773
QH-E-AUX5-4,East,E-AUX5,-103.0482166,33.09672484
QH-E-AUX5-5,East,E-AUX5,-103.0483172,33.09668403
QH-E-AUX5-6,East,E-AUX5,-103.0483898,33.09664639
QH-E-AUX5-7,East,E-AUX5,-103.0484753,33.09660445
QH-E-AUX5-8,East,E-AUX5,-103.0486011,33.09653968
QH-E-AUX5-9,East,E-AUX5,-103.0486824,33.09649586
QH-E-AUX5-10,East,E-AUX5,-103.0487669,33.0964539
QH-E-AUX5-11,East,E-AUX5,-103.0488471,33.09641097
QH-E-AUX6-1,East,E-AUX6,-103.1108105,33.20302001
QH-E-AUX6-2,East,E-AUX6,-103.1108105,33.20302001
QH-E-AUX7-1,East,E-AUX7,-103.0529204,33.57045106
QH-E-AUX7-2,East,E-AUX7,-103.0529204,33.57045106
QH-E-AUX7-3,East,E-AUX7,-103.0529204,33.57045106
QH-E-AUX7-4,East,E-AUX7,-103.0529204,33.57045106
QH-E-AUX7-5,East,E-AUX7,-103.0529204,33.57045106
QH-E-AUX7-6,East,E-AUX7,-103.0529204,33.57045106
QH-E-AUX8-1,East,E-AUX8,-100.1119852,35.36103359
QH-E-AUX8-2,East,E-AUX8,-100.1118345,35.36103407
QH-E-AUX8-3,East,E-AUX8,-100.1118345,35.36103407
QH-E-AUX8-4,East,E-AUX8,-100.1118338,35.36098503
QH-E-AUX8-5,East,E-AUX8,-100.1118331,35.360936
QH-E-AUX8-6,East,E-AUX8,-100.1118326,35.36089922
QH-E-AUX8-7,East,E-AUX8,-100.1118315,35.36081748
QH-E-AUX8-8,East,E-AUX8,-100.1118307,35.36076026
QH-E-AUX8-9,East,E-AUX8,-100.1119852,35.36103359
QH-E-AUX8-10,East,E-AUX8,-100.1119847,35.36099272
QH-E-AUX8-11,East,E-AUX8,-100.1121501,35.43358269
QH-E-AUX8-12,East,E-AUX8,-100.1121501,35.43358269
QH-E-AUX8-13,East,E-AUX8,-100.1121563,35.43403345
QH-E-BAZ46-1,East,E-BAZ46,-103.02143,31.55394
QH-E-BAZ46-2,East,E-BAZ46,-103.02177,31.55388
QH-E-BAZ46-3,East,E-BAZ46,-103.02914,31.55177
QH-E-BAZ46-4,East,E-BAZ46,-103.02918,31.55162
QH-E-BAZ46-5,East,E-BAZ46,-103.02943,31.55155
QH-E-BAZ46-6,East,E-BAZ46,-103.0434,31.54726
QH-E-BAZ46-7,East,E-BAZ46,-103.04378,31.54718
QH-E-BAZ46-8,East,E-BAZ46,-103.04453,31.54692
QH-E-BAZ46-9,East,E-BAZ46,-103.04469,31.54689
QH-E-IMP-1,East,E-IMP,-102.62246,31.40127
QH-E-IMP-2,East,E-IMP,-102.62246,31.40127
QH-E-IMP-3,East,E-IMP,-102.62202,31.39991
QH-E-IMP-4,East,E-IMP,-102.62194,31.399667
QH-E-IMP-5,East,E-IMP,-102.62194,31.399646
QH-E-IMP-6,East,E-IMP,-102.62194,31.399646
QH-E-IMP-7,East,E-IMP,-102.6217,31.399738
QH-E-IMP-8,East,E-IMP,-102.632174,31.403507
QH-E-IMP-9,East,E-IMP,-102.623627,31.405043
QH-E-IMP-10,East,E-IMP,-102.624133,31.405816
QH-E-IMP-11,East,E-IMP,-102.624133,31.406691
QH-E-IMP-12,East,E-IMP,-102.62429,31.407118
QH-E-IMP-13,East,E-IMP,-102.625242,31.410159
QH-E-IMP-14,East,E-IMP,-102.626533,31.41433
QH-E-IMP-15,East,E-IMP,-102.62681,31.41511
QH-E-IMP-16,East,E-IMP,-102.630304,31.426272
QH-E-IMP-17,East,E-IMP,-102.630304,31.426272
QH-W-1,West,W-1,-111.98501,34.72733983
QH-W-1-1,West,W-1,-111.98501,34.72733983
QH-W-1-2,West,W-1,-111.98501,34.72733983
QH-W-1-3,West,W-1,-111.98501,34.72733983
QH-W-1-4,West,W-1,-111.98501,34.72733983
QH-W-1-5,West,W-1,-111.98501,34.72733983
QH-W-1-6,West,W-1,-111.98501,34.72733983
QH-W-1-7,West,W-1,-111.98501,34.72733983
QH-W-1-8,West,W-1,-111.98501,34.72733983
QH-W-1-9,West,W-1,-111.98501,34.72733983
QH-W-1-10,West,W-1,-111.98501,34.72733983
QH-W-1-11,West,W-1,-111.98501,34.72733983
QH-W-1-12,West,W-1,-111.98501,34.72733983
QH-W-1-13,West,W-1,-111.98501,34.72733983
QH-W-1-14,West,W-1,-111.98501,34.72733983
QH-W-1-15,West,W-1,-111.98501,34.72733983
QH-W-1-16,West,W-1,-111.98501,34.72733983
QH-W-1-17,West,W-1,-111.98501,34.72733983
QH-W-1-18,West,W-1,-111.98501,34.72733983
QH-W-1-19,West,W-1,-111.98501,34.72733983
QH-W-1-20,West,W-1,-111.98501,34.72733983
QH-W-1-21,West,W-1,-111.98501,34.72733983
QH-W-1-22,West,W-1,-111.98501,34.72733983
QH-W-1-23,West,W-1,-111.98501,34.72733983
QH-W-1-24,West,W-1,-111.98501,34.72733983
QH-W-1-25,West,W-1,-111.98501,34.72733983
QH-W-1-26,West,W-1,-111.98501,34.72733983
QH-W-1-27,West,W-1,-111.98501,34.72733983
QH-W-1-28,West,W-1,-111.98501,34.72733983
QH-W-1-29,West,W-1,-111.98501,34.72733983
QH-W-1-30,West,W-1,-111.98501,34.72733983
QH-W-1-31,West,W-1,-111.98501,34.72733983
QH-W-1-32,West,W-1,-111.98501,34.72733983
QH-W-1-33,West,W-1,-111.98501,34.72733983
QH-W-1-34,West,W-1,-111.98501,34.72733983
QH-W-1-35,West,W-1,-111.98501,34.72733983
QH-W-1-36,West,W-1,-111.98501,34.72733983
QH-W-1-37,West,W-1,-111.98501,34.72733983
QH-W-1-38,West,W-1,-111.98501,34.72733983
QH-W-1-39,West,W-1,-111.98501,34.72733983
QH-W-1-40,West,W-1,-111.98501,34.72733983
QH-W-2-1,West,W-2,-109.6157041,36.92713785
QH-W-2-2,West,W-2,-109.6156255,36.92707294
QH-W-2-3,West,W-2,-109.6155481,36.92700894
QH-W-2-4,West,W-2,-109.6154851,36.92695682
QH-W-2-5,West,W-2,-109.6152893,36.926795
QH-W-2-6,West,W-2,-109.6150935,36.92663317
QH-W-2-7,West,W-2,-109.6149375,36.92650425
QH-W-2-8,West,W-2,-109.6147815,36.92637534
QH-W-2-9,West,W-2,-109.6145459,36.9261806
QH-W-2-10,West,W-2,-109.6143114,36.92598677
QH-W-2-11,West,W-2,-109.6146032,36.92636515
QH-W-2-12,West,W-2,-109.6179435,36.92716393
QH-W-3-1,West,W-3,-110.132222,36.61936705
QH-W-3-2,West,W-3,-110.1325402,36.61641795
QH-W-3-3,West,W-3,-110.1325402,36.61641795
QH-W-3-4,West,W-3,-110.1325402,36.61641795
QH-W-3-5,West,W-3,-110.1323679,36.61641669
QH-W-3-6,West,W-3,-110.1322784,36.61641604
QH-W-3-7,West,W-3,-110.1322914,36.61647653
QH-W-3-8,West,W-3,-110.1321712,36.61653696
QH-W-3-9,West,W-3,-110.1321278,36.6165709
QH-W-3-10,West,W-3,-110.1321278,36.6165709
QH-W-3-11,West,W-3,-110.1321725,36.61670194
QH-W-3-12,West,W-3,-110.1320853,36.61686807
QH-W-3-13,West,W-3,-110.1300111,36.61757142
QH-W-3-14,West,W-3,-110.1279528,36.61762849
QH-W-3-15,West,W-3,-110.1279528,36.61762849
QH-W-3-16,West,W-3,-110.1272032,36.61765906
QH-W-3-17,West,W-3,-110.1271921,36.61765898
QH-W-3-18,West,W-3,-110.1272178,36.6183533
QH-W-3-19,West,W-3,-110.1272049,36.61949717
QH-W-3-20,West,W-3,-110.1266498,36.62055053
QH-W-3-21,West,W-3,-110.1260415,36.62054607
QH-W-3-22,West,W-3,-110.1270646,36.61973594
QH-W-3-23,West,W-3,-110.1281843,36.62012005
QH-W-3-24,West,W-3,-110.1288939,36.62012524
QH-W-3-25,West,W-3,-110.1292624,36.61951313
QH-W-3-26,West,W-3,-110.1296988,36.62038443
QH-W-3-27,West,W-3,-110.1310118,36.62206805
QH-W-3-28,West,W-3,-110.1310022,36.62292437
QH-W-3-29,West,W-3,-110.1319431,36.62179538
QH-W-3-30,West,W-3,-110.1320258,36.61841547
QH-W-3-31,West,W-3,-110.1330289,36.61731757
QH-W-3-32,West,W-3,-110.1323057,36.61953443
QH-W-3-33,West,W-3,-110.1320127,36.61894904
QH-W-3-34,West,W-3,-110.1328778,36.6162311
QH-W-4-1,West,W-4,-111.9836996,37.09569348
QH-W-4-2,West,W-4,-111.9836999,37.09570982
QH-W-4-3,West,W-4,-111.9837531,37.09591368
QH-W-4-4,West,W-4,-111.9838073,37.09601
QH-W-4-5,West,W-4,-111.983775,37.09603609
QH-W-4-6,West,W-4,-111.9837755,37.09607694
QH-W-4-7,West,W-4,-111.9837259,37.09615908
QH-W-4-8,West,W-4,-111.9838779,37.09607609
QH-W-4-9,West,W-4,-111.9840962,37.09624764
QH-W-4-10,West,W-4,-111.9840948,37.09614141
QH-W-4-11,West,W-4,-111.9836999,37.09570982
QH-W-4-12,West,W-4,-111.9836999,37.09570982
QH-W-4-13,West,W-4,-111.9836999,37.09570982
QH-W-4-14,West,W-4,-111.9836999,37.09570982
QH-W-4-15,West,W-4,-111.9836999,37.09570982
QH-W-4-16,West,W-4,-111.9836999,37.09570982
QH-W-4-17,West,W-4,-111.9836999,37.09570982
QH-W-4-18,West,W-4,-111.9836999,37.09570982
QH-W-4-19,West,W-4,-111.9836999,37.09570982
QH-W-4-20,West,W-4,-111.9836999,37.09570982
QH-W-4-21,West,W-4,-111.9836999,37.09570982
QH-W-4-22,West,W-4,-111.9836999,37.09570982
QH-W-4-23,West,W-4,-111.9836999,37.09570982
QH-W-4-24,West,W-4,-111.9836999,37.09570982
QH-W-4-25,West,W-4,-111.9836999,37.09570982
QH-W-4-26,West,W-4,-111.9836999,37.09570982
QH-W-4-27,West,W-4,-111.9836999,37.09570982
QH-W-4-28,West,W-4,-111.9836999,37.09570982
QH-W-4-29,West,W-4,-111.9836999,37.09570982
QH-W-4-30,West,W-4,-111.9836999,37.09570982
QH-W-4-31,West,W-4,-111.9836999,37.09570982
QH-W-4-32,West,W-4,-111.9836999,37.09570982
QH-W-4-33,West,W-4,-111.9836999,37.09570982
QH-W-5-1,West,W-5,-111.5398826,36.78619707
QH-W-5-2,West,W-5,-111.5396683,36.78637156
QH-W-5-3,West,W-5,-111.539454,36.78654561
QH-W-5-4,West,W-5,-111.5394563,36.78687283
QH-W-5-5,West,W-5,-111.5398654,36.78692867
QH-W-5-6,West,W-5,-111.5393653,36.78733547
QH-W-5-7,West,W-5,-111.5388652,36.78774228
QH-W-5-8,West,W-5,-111.5383063,36.78774481
QH-W-5-9,West,W-5,-111.5388831,36.78750105
QH-W-5-10,West,W-5,-111.5384687,36.78783811
QH-W-5-11,West,W-5,-111.53856,36.78769205
QH-W-5-12,West,W-5,-111.5381313,36.78804074
QH-W-5-13,West,W-5,-111.5376639,36.78804285
QH-W-5-14,West,W-5,-111.5374387,36.78769689
QH-W-5-15,West,W-5,-111.5373315,36.78778406
QH-W-5-16,West,W-5,-111.537151,36.78823005
QH-W-5-17,West,W-5,-111.5371517,36.78832812
QH-W-5-18,West,W-5,-111.5374319,36.78832685
QH-W-5-19,West,W-5,-111.5364037,36.78874726
QH-W-5-20,West,W-5,-111.5362608,36.78886349
QH-W-5-21,West,W-5,-111.5401183,36.78623339
QH-W-5-22,West,W-5,-111.5407279,36.78623062
QH-W-5-23,West,W-5,-111.5412359,36.78622831
QH-W-5-24,West,W-5,-111.5415049,36.78626495
QH-W-5-25,West,W-5,-111.5420519,36.78627688
QH-W-5-26,West,W-5,-111.5424755,36.78622267
QH-W-5-27,West,W-5,-111.5427803,36.78622128
QH-W-5-28,West,W-5,-111.5431549,36.78609426
QH-W-5-29,West,W-5,-111.5396798,36.78619842
QH-W-5-30,West,W-5,-111.5393901,36.78596806
QH-W-6-1,West,W-6,-110.068672,37.06437197
QH-W-6-2,West,W-6,-110.0681045,37.06455501
QH-W-6-3,West,W-6,-110.0678113,37.06465005
QH-W-6-4,West,W-6,-110.0671491,37.06486389
QH-W-6-5,West,W-6,-110.0670448,37.06489732
QH-W-6-6,West,W-6,-110.0663354,37.0651261
QH-W-6-7,West,W-6,-110.0657206,37.06532498
QH-W-6-8,West,W-6,-110.0654084,37.06542528
QH-W-6-9,West,W-6,-110.0649355,37.06557839
QH-W-6-10,West,W-6,-110.0645571,37.0656998
QH-W-6-11,West,W-6,-110.0641787,37.06582211
QH-W-6-12,West,W-6,-110.0638666,37.06592331
QH-W-6-13,West,W-6,-110.0637247,37.06596907
QH-W-6-14,West,W-6,-110.0636679,37.06598665
QH-W-6-15,West,W-6,-110.0622491,37.06644506
QH-W-6-16,West,W-6,-110.0620882,37.06649698
QH-W-6-17,West,W-6,-110.0614734,37.06669493
QH-W-6-18,West,W-6,-110.0612842,37.06675653
QH-W-6-19,West,W-6,-110.0612039,37.06681899
QH-W-6-20,West,W-6,-110.0608368,37.06681608
QH-W-6-21,West,W-6,-110.0601039,37.06778379
QH-W-6-22,West,W-6,-110.0590917,37.06811018
QH-W-6-23,West,W-6,-110.0587133,37.06823248
QH-W-6-24,West,W-6,-110.0584295,37.06832397
QH-W-6-25,West,W-6,-110.0580421,37.06832089
QH-W-6-26,West,W-6,-110.0577361,37.06831846
QH-W-6-27,West,W-6,-110.0571243,37.0683136
QH-W-6-28,West,W-6,-110.0569713,37.06831238
QH-W-6-29,West,W-6,-110.0568694,37.06831157
QH-W-6-30,West,W-6,-110.0565635,37.06830914
QH-W-6-31,West,W-6,-110.0570633,37.06806613
QH-W-6-32,West,W-6,-110.0655769,37.06635775
QH-W-6-33,West,W-6,-110.0655736,37.06662815
QH-W-6-34,West,W-6,-110.0682638,37.06436877
QH-W-6-35,West,W-6,-110.0678364,37.06436541
QH-W-7-1,West,W-7,-109.9730905,37.23394393
QH-W-7-2,West,W-7,-109.9726102,37.23393977
QH-W-7-3,West,W-7,-109.9719868,37.23393436
QH-W-7-4,West,W-7,-109.971762,37.2339324
QH-W-7-5,West,W-7,-109.9712306,37.23392779
QH-W-7-6,West,W-7,-109.9709649,37.23392548
QH-W-7-7,West,W-7,-109.9702904,37.23391962
QH-W-7-8,West,W-7,-109.9694115,37.23391197
QH-W-7-9,West,W-7,-109.9693553,37.23421795
QH-W-7-10,West,W-7,-109.9678245,37.23239286
QH-W-7-11,West,W-7,-109.9668239,37.23157515
QH-W-7-12,West,W-7,-109.9683362,37.23124357
QH-W-7-13,West,W-7,-109.9690317,37.23148105
QH-W-7-14,West,W-7,-109.9697035,37.23202975
QH-W-7-15,West,W-7,-109.9697392,37.23205891
QH-W-7-16,West,W-7,-109.9706307,37.23177281
QH-W-7-17,West,W-7,-109.9708717,37.23158472
QH-W-7-18,West,W-7,-109.9718834,37.23159351
QH-W-7-19,West,W-7,-109.9727369,37.23131878
QH-W-7-20,West,W-7,-109.9735749,37.23132605
QH-W-7-21,West,W-7,-109.9738814,37.23132871
QH-W-7-22,West,W-7,-109.9743818,37.23173776
QH-W-7-23,West,W-7,-109.9751966,37.23240371
QH-W-7-24,West,W-7,-109.9741968,37.23382733
QH-W-7-25,West,W-7,-109.974193,37.23410514
QH-W-7-26,West,W-7,-109.9740686,37.23433811
QH-W-7-27,West,W-7,-109.9738185,37.2341337
QH-W-7-28,West,W-7,-109.973708,37.2339138
QH-W-7-29,West,W-7,-109.9732792,37.23356337
QH-W-7-30,West,W-7,-109.9731505,37.23345825
QH-W-7-31,West,W-7,-109.9728646,37.23322463
QH-W-7-32,West,W-7,-109.9728603,37.2335433
QH-W-8-1,West,W-8,-110.6018908,38.0652456
QH-W-8-2,West,W-8,-110.6022112,38.06524669
QH-W-8-3,West,W-8,-110.6020938,38.06501982
QH-W-8-4,West,W-8,-110.6017792,38.06491557
QH-W-8-5,West,W-8,-110.602141,38.06491679
QH-W-8-6,West,W-8,-110.6022129,38.06478115
QH-W-8-7,West,W-8,-110.6019,38.06453164
QH-W-8-8,West,W-8,-110.601644,38.06451474
QH-W-8-9,West,W-8,-110.6014654,38.06381114
QH-W-8-10,West,W-8,-110.6015533,38.06364536
QH-W-8-11,West,W-8,-110.601957,38.06332893
QH-W-8-12,West,W-8,-110.6018082,38.06304156
QH-W-8-13,West,W-8,-110.6014808,38.06278045
QH-W-8-14,West,W-8,-110.6012479,38.06259458
QH-W-8-15,West,W-8,-110.6006951,38.06241155
QH-W-8-16,West,W-8,-110.6005132,38.06226672
QH-W-8-17,West,W-8,-110.6003411,38.06232202
QH-W-8-18,West,W-8,-110.6007865,38.06288052
QH-W-8-19,West,W-8,-110.6002432,38.06213332
QH-W-8-20,West,W-8,-110.5979012,38.06310502
QH-W-8-21,West,W-8,-110.5977413,38.06340643
QH-W-8-22,West,W-8,-110.5999481,38.06401328
QH-W-8-23,West,W-8,-110.599946,38.06440548
QH-W-8-24,West,W-8,-110.5999458,38.06444634
QH-W-8-25,West,W-8,-110.6003096,38.06473647
QH-W-8-26,West,W-8,-110.5999206,38.06504137
QH-W-8-27,West,W-8,-110.599919,38.06534369
QH-W-8-28,West,W-8,-110.6003193,38.06547639
QH-W-8-29,West,W-8,-110.6001436,38.06547579
QH-W-8-30,West,W-8,-110.5995744,38.06566134
QH-W-8-31,West,W-8,-110.5994745,38.06584972
QH-W-8-32,West,W-8,-110.5994739,38.06594778
QH-W-8-33,West,W-8,-110.5994661,38.0673777
QH-W-8-34,West,W-8,-110.5997572,38.0676098
QH-W-8-35,West,W-8,-110.5997536,38.06826347
QH-W-8-36,West,W-8,-110.6018908,38.0652447
QH-W-8-37,West,W-8,-110.6018908,38.0652447
QH-W-8-38,West,W-8,-110.6018908,38.0652447
QH-W-8-39,West,W-8,-110.6018908,38.0652447
QH-W-9-1,West,W-9,-109.5268944,38.57305969
QH-W-9-2,West,W-9,-109.5270091,38.57328732
QH-W-9-3,West,W-9,-109.5272231,38.57371265
QH-W-9-4,West,W-9,-109.5272849,38.57383418
QH-W-9-5,West,W-9,-109.5273795,38.57414806
QH-W-9-6,West,W-9,-109.5274304,38.57452177
QH-W-9-7,West,W-9,-109.5273101,38.57473923
QH-W-9-8,West,W-9,-109.5271861,38.57496386
QH-W-9-9,West,W-9,-109.5267939,38.57567622
QH-W-9-10,West,W-9,-109.5265662,38.57608878
QH-W-9-11,West,W-9,-109.5262145,38.57672596
QH-W-9-12,West,W-9,-109.5258703,38.57604217
QH-W-9-13,West,W-9,-109.525081,38.57540233
QH-W-9-14,West,W-9,-109.525081,38.57540233
QH-W-9-15,West,W-9,-109.5244557,38.57443474
QH-W-9-16,West,W-9,-109.5237025,38.57382418
QH-W-9-17,West,W-9,-109.5228086,38.57358492
QH-W-9-18,West,W-9,-109.5225054,38.57269798
QH-W-9-19,West,W-9,-109.5226294,38.57247336
QH-W-9-20,West,W-9,-109.5233769,38.57190516
QH-W-9-21,West,W-9,-109.5235779,38.57133278
QH-W-9-22,West,W-9,-109.5239833,38.5716614
QH-W-9-23,West,W-9,-109.52496,38.57245319
QH-W-9-24,West,W-9,-109.5253224,38.57274702
QH-W-9-25,West,W-9,-109.5256194,38.57298776
QH-W-9-26,West,W-9,-109.5255105,38.57337568
QH-W-9-27,West,W-9,-109.5258433,38.57337988
QH-W-9-28,West,W-9,-109.5263761,38.57314328
QH-W-9-29,West,W-9,-109.5260694,38.57253566
QH-W-9-30,West,W-9,-109.5268629,38.57280517
QH-W-9-31,West,W-9,-109.5272456,38.57311638
QH-W-9-32,West,W-9,-109.5272706,38.57329962
QH-W-9-33,West,W-9,-109.5273316,38.57351666
QH-W-9-34,West,W-9,-109.5274755,38.57383387
QH-W-9-35,West,W-9,-109.5275583,38.57405299
QH-W-10-1,West,W-10,-109.7249519,38.76172233
QH-W-10-2,West,W-10,-109.7247866,38.76202241
QH-W-10-3,West,W-10,-109.7250555,38.76211275
QH-W-10-4,West,W-10,-109.7245689,38.76248321
QH-W-10-5,West,W-10,-109.725173,38.76268624
QH-W-10-6,West,W-10,-109.7248746,38.76244689
QH-W-10-7,West,W-10,-109.7249324,38.7624286
QH-W-10-8,West,W-10,-109.7248363,38.76239601
QH-W-10-9,West,W-10,-109.7250221,38.76276029
QH-W-10-10,West,W-10,-109.7248576,38.76288556
QH-W-10-11,West,W-10,-109.7248477,38.76344144
QH-W-10-12,West,W-10,-109.7246324,38.76383108
QH-W-10-13,West,W-10,-109.7242469,38.76382687
QH-W-10-14,West,W-10,-109.7241113,38.764075
QH-W-10-15,West,W-10,-109.7257047,38.76404643
QH-W-10-16,West,W-10,-109.7254573,38.764497
QH-W-10-17,West,W-10,-109.7254495,38.76493756
QH-W-10-18,West,W-10,-109.7262734,38.76494655
QH-W-10-19,West,W-10,-109.7267528,38.76510857
QH-W-10-20,West,W-10,-109.7267225,38.76513076
QH-W-10-21,West,W-10,-109.7265781,38.76541665
QH-W-10-22,West,W-10,-109.7265833,38.7651226
QH-W-10-23,West,W-10,-109.726421,38.76480398
QH-W-10-24,West,W-10,-109.7264339,38.76407691
QH-W-10-25,West,W-10,-109.7262308,38.76391249
QH-W-10-26,West,W-10,-109.7262204,38.76391238
QH-W-10-27,West,W-10,-109.7262277,38.76350425
QH-W-10-28,West,W-10,-109.7272813,38.7634148
QH-W-10-29,West,W-10,-109.7271267,38.76311124
QH-W-10-30,West,W-10,-109.7266786,38.7634533
QH-W-10-31,West,W-10,-109.7262609,38.76344874
QH-W-11-1,West,W-11,-107.1716702,34.99828658
QH-W-11-2,West,W-11,-107.1716702,34.99828658
QH-W-11-3,West,W-11,-107.1716702,34.99828658
QH-W-11-4,West,W-11,-107.1716702,34.99828658
QH-W-11-5,West,W-11,-107.1716702,34.99828658
QH-W-11-6,West,W-11,-107.1716702,34.99828658
QH-W-11-7,West,W-11,-107.1716702,34.99828658
QH-W-11-8,West,W-11,-107.1716702,34.99828658
QH-W-11-9,West,W-11,-107.1716702,34.99828658
QH-W-11-10,West,W-11,-107.1716702,34.99828658
QH-W-11-11,West,W-11,-107.1716702,34.99828658
QH-W-11-12,West,W-11,-107.1716702,34.99828658
QH-W-11-13,West,W-11,-107.1716702,34.99828658
QH-W-11-14,West,W-11,-107.1716702,34.99828658
QH-W-11-15,West,W-11,-107.1716702,34.99828658
QH-W-11-16,West,W-11,-107.1716702,34.99828658
QH-W-11-17,West,W-11,-107.1716702,34.99828658
QH-W-11-18,West,W-11,-107.1716702,34.99828658
QH-W-11-19,West,W-11,-107.1716702,34.99828658
QH-W-11-20,West,W-11,-107.1716702,34.99828658
QH-W-12-1,West,W-12,-105.1060839,38.50230929
QH-W-12-2,West,W-12,-105.1060839,38.50230929
QH-W-12-3,West,W-12,-105.1060839,38.50230929
QH-W-12-4,West,W-12,-105.1060839,38.50230929
QH-W-12-5,West,W-12,-105.1060839,38.50230929
QH-W-12-6,West,W-12,-105.1060839,38.50230929
QH-W-12-7,West,W-12,-105.1060839,38.50230929
QH-W-12-8,West,W-12,-105.1060839,38.50230929
QH-W-12-9,West,W-12,-105.1060839,38.50230929
QH-W-12-10,West,W-12,-105.1060839,38.50230929
QH-W-12-11,West,W-12,-105.1060839,38.50230929
QH-W-12-12,West,W-12,-105.1060839,38.50230929
QH-W-12-13,West,W-12,-105.1060839,38.50230929
QH-W-12-14,West,W-12,-105.1060839,38.50230929
QH-W-12-15,West,W-12,-105.1060839,38.50230929
QH-W-12-16,West,W-12,-105.1060839,38.50230929
QH-W-12-17,West,W-12,-105.1060839,38.50230929
QH-W-12-18,West,W-12,-105.1060839,38.50230929
QH-W-12-19,West,W-12,-105.1060839,38.50230929
QH-W-12-20,West,W-12,-105.1060839,38.50230929
QH-W-AUX1,West,W-AUX1,-109.9122742,37.24164838
QH-W-AUX1-1,West,W-AUX1,-109.9122742,37.24164838
QH-W-AUX1-2,West,W-AUX1,-109.9122742,37.24164838
QH-W-AUX1-3,West,W-AUX1,-109.9122742,37.24164838
QH-W-AUX1-4,West,W-AUX1,-109.9122742,37.24164838
QH-W-AUX1-5,West,W-AUX1,-109.9122742,37.24164838
QH-W-AUX1-6,West,W-AUX1,-109.9122742,37.24164838
QH-W-AUX1-7,West,W-AUX1,-109.9122742,37.24164838
QH-W-AUX1-8,West,W-AUX1,-109.9122742,37.24164838
QH-W-AUX2-1,West,W-AUX2,-109.6339313,37.52253571
QH-W-AUX2-2,West,W-AUX2,-109.6339313,37.52253571
QH-W-AUX2-3,West,W-AUX2,-109.6339313,37.52253571
QH-W-AUX2-4,West,W-AUX2,-109.6339313,37.52253571
QH-W-AUX2-5,West,W-AUX2,-109.6339313,37.52253571
QH-W-AUX3-1,West,W-AUX3,-110.5687905,38.00006011
QH-W-AUX3-2,West,W-AUX3,-110.5687905,38.00006011
QH-W-AUX3-3,West,W-AUX3,-110.5687905,38.00006011
QH-W-AUX3-4,West,W-AUX3,-110.5687905,38.00006011
QH-W-AUX3-5,West,W-AUX3,-110.5687905,38.00006011
QH-W-AUX3-6,West,W-AUX3,-110.5687905,38.00006011
QH-W-AUX3-7,West,W-AUX3,-110.5687905,38.00006011
QH-W-AUX3-8,West,W-AUX3,-110.5687905,38.00006011
QH-W-AUX3-9,West,W-AUX3,-110.5687905,38.00006011
QH-W-AUX3-10,West,W-AUX3,-110.5687905,38.00006011
QH-W-AUX3-11,West,W-AUX3,-110.5687905,38.00006011
QH-W-AUX3-12,West,W-AUX3,-110.5687905,38.00006011
QH-W-AUX3-13,West,W-AUX3,-110.5687905,38.00006011
QH-W-AUX3-14,West,W-AUX3,-110.5687905,38.00006011
QH-W-AUX3-15,West,W-AUX3,-110.5687905,38.00006011
QH-W-AUX3-16,West,W-AUX3,-110.5687905,38.00006011
QH-W-AUX3-17,West,W-AUX3,-110.5687905,38.00006011
QH-W-AUX3-18,West,W-AUX3,-110.5687905,38.00006011
QH-W-AUX4,West,W-AUX4,-109.6946041,38.69719285
QH-W-AUX4-1,West,W-AUX4,-109.6946041,38.69719285
QH-W-AUX10,West,W-AUX10,-109.6572654,38.69987079
QH-W-AUX10-1,West,W-AUX10,-109.6572654,38.69987079
QH-W-AUX10-2,West,W-AUX10,-109.6572654,38.69987079
QH-W-AUX10-3,West,W-AUX10,-109.6572654,38.69987079
